,col1,col2,col3,col5,col6,col7
a,-0.8040565753174567,-1.0719540602072353,0.43095523113311146,12.435607401328642,sdfs,4
b,0.2796117532511904,0.44550108596024696,0.42519954592479003,23.139343639551598,sdf,3
d,-1.7697682560314676,-1.1080402876012374,-0.75559074888795,49.30523797902357,wdfcqv,6
e,0.8298286099972053,-0.4832500087539031,-0.2306172775931971,9.09977296761305,trgc,4
w,2.489485829991616,-1.4497500262617093,-0.6918518327795913,27.299318902839154,trgctrgctrgc,12
